id,subset,class_num,size,ori_spacing,origin,spacing,direction,class
2,train,44,[256 256 256],[1. 1. 1.],"(-123.61005401611328, 123.54261779785156, 127.67721557617188)","(1.0, 1.0, 1.0)","(1.0, 0.0, 0.0, 0.0, 3.637978807091713e-12, -1.0, 0.0, -1.0, -3.637978807091713e-12)","[ 0  1  2  3  4  5  6  7  8  9 10 11 12 13 14 15 16 17 18 19 20 21 22 23
 24 25 26 27 28 29 30 31 32 33 34 35 36 37 39 40 41 42 43 44]"
3,train,44,[256 256 256],[1. 1. 1.],"(-123.61311340332031, 123.53729248046875, 127.67343139648438)","(1.0, 1.0, 1.0)","(1.0, -1.2493737587588064e-20, 1.7462299661819003e-10, 1.7462299661819003e-10, 1.1641532182693481e-10, -1.0, 7.30565917006834e-21, -1.0, -1.1641532182693481e-10)","[ 0  1  2  3  4  5  6  7  8  9 10 11 12 13 14 15 16 17 18 19 20 21 22 23
 24 25 26 27 28 29 30 31 32 33 34 35 36 37 39 40 41 42 43 44]"
4,train,44,[256 256 256],[1. 1. 1.],"(-129.690185546875, 128.51123046875, 102.20469665527344)","(1.0, 1.0, 1.0)","(1.0, -1.862645371275562e-09, -9.313225746154785e-10, -9.313225746154785e-10, 2.9103830456733704e-11, -1.0, -1.862645371275562e-09, -1.0, -2.9103828722010228e-11)","[ 0  1  2  3  4  5  6  7  8  9 10 11 12 13 14 15 16 17 18 19 20 21 22 23
 24 25 26 27 28 29 30 31 32 33 34 35 36 37 39 40 41 42 43 44]"
5,train,44,[256 256 256],[1. 1. 1.],"(-120.85018157958984, 124.9375991821289, 112.335693359375)","(1.0, 1.0, 1.0)","(1.0, -1.862645149230957e-09, -8.131516293641283e-20, -5.421010862427522e-20, 1.4551915228366852e-11, -1.0, -1.862645149230957e-09, -1.0, -1.4551915228366852e-11)","[ 0  1  2  3  4  5  6  7  8  9 10 11 12 13 14 15 16 17 18 19 20 21 22 23
 24 25 26 27 28 29 30 31 32 33 34 35 36 37 39 40 41 42 43 44]"
6,train,44,[256 256 256],[1. 1. 1.],"(-123.60836791992188, 123.53956604003906, 127.66968536376953)","(1.0, 1.0, 1.0)","(1.0, -9.31322685637781e-10, 4.656613428188905e-10, 4.656613428188905e-10, 1.2005331451181434e-10, -1.0, -9.31322685637781e-10, -1.0, -1.2005331451181434e-10)","[ 0  1  2  3  4  5  6  7  8  9 10 11 12 13 14 15 16 17 18 19 20 21 22 23
 24 25 26 27 28 29 30 31 32 33 34 35 36 37 39 40 41 42 43 44]"
7,train,44,[256 256 256],[1. 1. 1.],"(-123.60675048828125, 123.54224395751953, 127.67140197753906)","(1.0, 1.0, 1.0)","(1.0, 4.656612873077393e-10, -2.0328793965277476e-20, 0.0, 7.275957614183426e-12, -1.0, 4.656612873077393e-10, -1.0, -7.275957614183426e-12)","[ 0  1  2  3  4  5  6  7  8  9 10 11 12 13 14 15 16 17 18 19 20 21 22 23
 24 25 26 27 28 29 30 31 32 33 34 35 36 37 39 40 41 42 43 44]"
8,train,44,[256 256 256],[1. 1. 1.],"(-123.60704803466797, 123.54510498046875, 127.67650604248047)","(1.0, 1.0, 1.0)","(1.0, 1.1641532182693481e-10, 9.31322685637781e-10, 9.31322685637781e-10, 3.637985745985617e-12, -1.0, 1.1641532182693481e-10, -1.0, -3.637985745985617e-12)","[ 0  1  2  3  4  5  6  7  8  9 10 11 12 13 14 15 16 17 18 19 20 21 22 23
 24 25 26 27 28 29 30 31 32 33 34 35 36 37 39 40 41 42 43 44]"
9,train,43,[256 256 256],[1. 1. 1.],"(-124.9511947631836, 118.70051574707031, 147.36373901367188)","(1.0, 1.0, 1.0)","(1.0, -4.6566123179658803e-10, -9.313224635931761e-10, -9.313224635931761e-10, 4.365573874620665e-11, -1.0, -4.6566123179658803e-10, -1.0, -4.3655742215653603e-11)","[ 0  1  2  3  4  5  6  7  8  9 10 11 12 13 14 15 16 17 18 19 20 21 22 23
 24 25 26 27 28 29 30 31 32 33 34 36 37 39 40 41 42 43 44]"
11,train,44,[256 256 256],[1. 1. 1.],"(-123.62572479248047, 123.53240203857422, 127.68608856201172)","(1.0, 1.0, 1.0)","(1.0, 9.313225746154785e-10, 0.0, -8.131516293641283e-20, 2.473825588822365e-10, -1.0, 9.313225746154785e-10, -1.0, -2.473825588822365e-10)","[ 0  1  2  3  4  5  6  7  8  9 10 11 12 13 14 15 16 17 18 19 20 21 22 23
 24 25 26 27 28 29 30 31 32 33 34 35 36 37 39 40 41 42 43 44]"
15,train,44,[256 256 256],[1. 1. 1.],"(-128.59793090820312, 120.63688659667969, 117.72779846191406)","(1.0, 1.0, 1.0)","(1.0, -1.8626449271863521e-09, -1.862645149230957e-09, -1.862645149230957e-09, -3.4924596548080444e-10, -1.0, -1.8626449271863521e-09, -1.0, 3.4924593772522883e-10)","[ 0  1  2  3  4  5  6  7  8  9 10 11 12 13 14 15 16 17 18 19 20 21 22 23
 24 25 26 27 28 29 30 31 32 33 34 35 36 37 39 40 41 42 43 44]"
16,train,44,[256 256 256],[1. 1. 1.],"(-123.04766082763672, 132.05569458007812, 140.23904418945312)","(1.0, 1.0, 1.0)","(1.0, -1.1102230246251565e-16, -1.862645149230957e-09, -1.862645149230957e-09, -1.4551887472791236e-11, -1.0, -1.1102230246251565e-16, -1.0, 1.4551887472791236e-11)","[ 0  1  2  3  4  5  6  7  8  9 10 11 12 13 14 15 16 17 18 19 20 21 22 23
 24 25 26 27 28 29 30 31 32 33 34 35 36 37 39 40 41 42 43 44]"
17,train,43,[256 256 256],[1. 1. 1.],"(-125.79711151123047, 123.54845428466797, 130.96798706054688)","(1.0, 1.0, 1.0)","(1.0, -3.725290742551124e-09, -3.725290298461914e-09, -3.725290298461914e-09, -0.0, -1.0, -3.725290742551124e-09, -1.0, 1.3877789462175682e-17)","[ 0  1  2  3  4  5  6  7  8  9 10 11 12 13 14 15 16 17 18 20 21 22 23 24
 25 26 27 28 29 30 31 32 33 34 35 36 37 39 40 41 42 43 44]"
18,train,44,[256 256 256],[1. 1. 1.],"(-119.74224853515625, 117.35427856445312, 149.53549194335938)","(1.0, 1.0, 1.0)","(1.0, 1.1641532182693481e-10, 2.3283067140944524e-10, 2.3283067140944524e-10, 1.155058410029497e-10, -1.0, 1.1641532182693481e-10, -1.0, -1.155058410029497e-10)","[ 0  1  2  3  4  5  6  7  8  9 10 11 12 13 14 15 16 17 18 19 20 21 22 23
 24 25 26 27 28 29 30 31 32 33 34 35 36 37 39 40 41 42 43 44]"
19,train,44,[256 256 256],[1. 1. 1.],"(-128.3560791015625, 124.25471496582031, 121.91998291015625)","(1.0, 1.0, 1.0)","(1.0, -4.656613428188905e-10, -4.656613983300417e-10, -4.656613983300417e-10, -1.0913939890722091e-11, -1.0, -4.656613428188905e-10, -1.0, 1.0913939890722091e-11)","[ 0  1  2  3  4  5  6  7  8  9 10 11 12 13 14 15 16 17 18 19 20 21 22 23
 24 25 26 27 28 29 30 31 32 33 34 35 36 37 39 40 41 42 43 44]"
20,train,44,[256 256 256],[1. 1. 1.],"(-122.9134292602539, 124.8427505493164, 146.8519287109375)","(1.0, 1.0, 1.0)","(1.0, 5.551115123125783e-17, -8.13151758611099e-20, 1.3552528448538513e-19, 5.820767479125522e-11, -1.0, 5.551115123125783e-17, -1.0, -5.820767479125522e-11)","[ 0  1  2  3  4  5  6  7  8  9 10 11 12 13 14 15 16 17 18 19 20 21 22 23
 24 25 26 27 28 29 30 31 32 33 34 35 36 37 39 40 41 42 43 44]"
23,train,44,[256 256 256],[1. 1. 1.],"(-129.09591674804688, 153.42076110839844, 115.45035552978516)","(1.0, 1.0, 1.0)","(1.0, 0.0, -1.862645149230957e-09, -1.862645149230957e-09, 2.3283062977608182e-10, -1.0, 0.0, -1.0, -2.3283064365386963e-10)","[ 0  1  2  3  4  5  6  7  8  9 10 11 12 13 14 15 16 17 18 19 20 21 22 23
 24 25 26 27 28 29 30 31 32 33 34 35 36 37 39 40 41 42 43 44]"
24,train,44,[256 256 256],[1. 1. 1.],"(-123.5843505859375, 123.5484390258789, 127.64885711669922)","(1.0, 1.0, 1.0)","(1.0, -3.725290742551124e-09, -3.725290298461914e-09, -3.725290298461914e-09, -0.0, -1.0, -3.725290742551124e-09, -1.0, 1.3877789462175682e-17)","[ 0  1  2  3  4  5  6  7  8  9 10 11 12 13 14 15 16 17 18 19 20 21 22 23
 24 25 26 27 28 29 30 31 32 33 34 35 36 37 39 40 41 42 43 44]"
30,train,44,[256 256 256],[1. 1. 1.],"(-129.1162567138672, 123.54845428466797, 126.54247283935547)","(1.0, 1.0, 1.0)","(1.0, -3.725290742551124e-09, -3.725290298461914e-09, -3.725290298461914e-09, -0.0, -1.0, -3.725290742551124e-09, -1.0, 1.3877789462175682e-17)","[ 0  1  2  3  4  5  6  7  8  9 10 11 12 13 14 15 16 17 18 19 20 21 22 23
 24 25 26 27 28 29 30 31 32 33 34 35 36 37 39 40 41 42 43 44]"
31,train,44,[256 256 256],[1. 1. 1.],"(-123.6111831665039, 123.53895568847656, 127.67304229736328)","(1.0, 1.0, 1.0)","(1.0, -4.656612873077393e-10, 2.3283064365386963e-10, 2.3283064365386963e-10, 1.7280400721464417e-10, -1.0, -4.656612873077393e-10, -1.0, -1.7280400721464417e-10)","[ 0  1  2  3  4  5  6  7  8  9 10 11 12 13 14 15 16 17 18 19 20 21 22 23
 24 25 26 27 28 29 30 31 32 33 34 35 36 37 39 40 41 42 43 44]"
32,train,42,[256 256 256],[1. 1. 1.],"(-126.93267059326172, 112.40388488769531, 149.94557189941406)","(1.0, 1.0, 1.0)","(1.0, -5.820766785236131e-11, 4.656613428188905e-10, 4.656613428188905e-10, 5.820766785236131e-11, -1.0, -5.820766785236131e-11, -1.0, -5.820766785236131e-11)","[ 0  1  2  3  4  5  6  7  8  9 10 11 12 13 14 15 16 17 18 20 21 22 23 24
 25 26 27 28 29 30 31 32 33 34 36 37 39 40 41 42 43 44]"
33,train,44,[256 256 256],[1. 1. 1.],"(-126.3876953125, 123.52853393554688, 129.88656616210938)","(1.0, 1.0, 1.0)","(1.0, 2.3283064365386963e-10, 1.862645149230957e-09, 1.862645149230957e-09, -1.7826096154749393e-10, -1.0, 2.3283064365386963e-10, -1.0, 1.7826096154749393e-10)","[ 0  1  2  3  4  5  6  7  8  9 10 11 12 13 14 15 16 17 18 19 20 21 22 23
 24 25 26 27 28 29 30 31 32 33 34 35 36 37 39 40 41 42 43 44]"
34,train,44,[256 256 256],[1. 1. 1.],"(-123.62305450439453, 123.52986145019531, 127.67764282226562)","(1.0, 1.0, 1.0)","(1.0, 0.0, 1.8626448161640496e-09, 1.8626448161640496e-09, -1.164152871324653e-10, -1.0, 0.0, -1.0, 1.164152871324653e-10)","[ 0  1  2  3  4  5  6  7  8  9 10 11 12 13 14 15 16 17 18 19 20 21 22 23
 24 25 26 27 28 29 30 31 32 33 34 35 36 37 39 40 41 42 43 44]"
35,train,44,[256 256 256],[1. 1. 1.],"(-123.61099243164062, 123.53905487060547, 127.67282104492188)","(1.0, 1.0, 1.0)","(1.0, -2.3283064365386963e-10, -6.984918199393064e-10, -6.984918199393064e-10, -1.1641532182693481e-10, -1.0, -2.3283064365386963e-10, -1.0, 1.1641532182693481e-10)","[ 0  1  2  3  4  5  6  7  8  9 10 11 12 13 14 15 16 17 18 19 20 21 22 23
 24 25 26 27 28 29 30 31 32 33 34 35 36 37 39 40 41 42 43 44]"
36,train,44,[256 256 256],[1. 1. 1.],"(-126.3741226196289, 123.53900909423828, 128.7754364013672)","(1.0, 1.0, 1.0)","(1.0, 0.0, 4.656612873077393e-10, 4.656612873077393e-10, 1.0913939890722091e-11, -1.0, -2.3716919291946142e-20, -1.0, -1.0913939890722091e-11)","[ 0  1  2  3  4  5  6  7  8  9 10 11 12 13 14 15 16 17 18 19 20 21 22 23
 24 25 26 27 28 29 30 31 32 33 34 35 36 37 39 40 41 42 43 44]"
40,train,44,[256 256 256],[1. 1. 1.],"(-124.15371704101562, 124.10157775878906, 129.67196655273438)","(1.0, 1.0, 1.0)","(1.0, 2.3283067140944524e-10, 8.131518232345844e-20, 2.032879558086461e-20, 1.3096725093308947e-10, -1.0, 2.3283067140944524e-10, -1.0, -1.3096725093308947e-10)","[ 0  1  2  3  4  5  6  7  8  9 10 11 12 13 14 15 16 17 18 19 20 21 22 23
 24 25 26 27 28 29 30 31 32 33 34 35 36 37 39 40 41 42 43 44]"
43,train,44,[256 256 256],[1. 1. 1.],"(-123.5843505859375, 123.5484390258789, 127.64885711669922)","(1.0, 1.0, 1.0)","(1.0, -3.725290742551124e-09, -3.725290298461914e-09, -3.725290298461914e-09, -0.0, -1.0, -3.725290742551124e-09, -1.0, 1.3877789462175682e-17)","[ 0  1  2  3  4  5  6  7  8  9 10 11 12 13 14 15 16 17 18 19 20 21 22 23
 24 25 26 27 28 29 30 31 32 33 34 35 36 37 39 40 41 42 43 44]"
44,train,43,[256 256 256],[1. 1. 1.],"(-126.93370819091797, 128.5086212158203, 95.14509582519531)","(1.0, 1.0, 1.0)","(1.0, 0.0, -1.4551915228366852e-11, -1.4551915228366852e-11, 1.1368683772161603e-13, -1.0, 3.477467295172928e-21, -1.0, -1.1368683772161603e-13)","[ 0  1  2  3  4  5  6  7  8  9 10 11 12 13 14 15 16 17 18 20 21 22 23 24
 25 26 27 28 29 30 31 32 33 34 35 36 37 39 40 41 42 43 44]"
45,train,44,[256 256 256],[1. 1. 1.],"(-120.84803009033203, 131.83494567871094, 80.22772979736328)","(1.0, 1.0, 1.0)","(1.0, 5.820766091346741e-11, 0.0, 0.0, -5.638867150992155e-11, -1.0, 5.820766091346741e-11, -1.0, 5.638867150992155e-11)","[ 0  1  2  3  4  5  6  7  8  9 10 11 12 13 14 15 16 17 18 19 20 21 22 23
 24 25 26 27 28 29 30 31 32 33 34 35 36 37 39 40 41 42 43 44]"
46,train,44,[256 256 256],[1. 1. 1.],"(-128.5, 123.25879669189453, 203.8741455078125)","(1.0, 1.0, 1.0)","(1.0, 0.0, 0.0, 0.0, -0.0, -1.0, 0.0, -1.0, 0.0)","[ 0  1  2  3  4  5  6  7  8  9 10 11 12 13 14 15 16 17 18 19 20 21 22 23
 24 25 26 27 28 29 30 31 32 33 34 35 36 37 39 40 41 42 43 44]"
47,train,44,[256 256 256],[1. 1. 1.],"(-124.2083511352539, 103.57677459716797, 128.18875122070312)","(1.0, 1.0, 1.0)","(1.0, 4.656612873077393e-10, 1.4901161193847656e-08, 1.4901161193847656e-08, -5.820766091346741e-11, -1.0, 4.656612873077393e-10, -1.0, 5.820766091346741e-11)","[ 0  1  2  3  4  5  6  7  8  9 10 11 12 13 14 15 16 17 18 19 20 21 22 23
 24 25 26 27 28 29 30 31 32 33 34 35 36 37 39 40 41 42 43 44]"
48,train,44,[256 256 256],[1. 1. 1.],"(-127.45164489746094, 126.89088439941406, 128.22476196289062)","(1.0, 1.0, 1.0)","(1.0, 4.656612873077393e-10, 3.725290298461914e-09, 3.725290298461914e-09, -2.3283064365386963e-10, -1.0, 4.656612873077393e-10, -1.0, 2.3283064365386963e-10)","[ 0  1  2  3  4  5  6  7  8  9 10 11 12 13 14 15 16 17 18 19 20 21 22 23
 24 25 26 27 28 29 30 31 32 33 34 35 36 37 39 40 41 42 43 44]"
49,train,44,[256 256 256],[1. 1. 1.],"(-123.04205322265625, 125.5655517578125, 146.99478149414062)","(1.0, 1.0, 1.0)","(1.0, -5.421012930379054e-19, 5.587936335871291e-09, 5.587936335871291e-09, 1.4551916616145633e-10, -1.0, 0.0, -1.0, -1.4551916616145633e-10)","[ 0  1  2  3  4  5  6  7  8  9 10 11 12 13 14 15 16 17 18 19 20 21 22 23
 24 25 26 27 28 29 30 31 32 33 34 35 36 37 39 40 41 42 43 44]"
50,train,44,[256 256 256],[1. 1. 1.],"(-119.71646881103516, 126.65808868408203, 111.84867095947266)","(1.0, 1.0, 1.0)","(1.0, -1.1641533570472262e-10, -3.725290298461914e-09, -3.725290298461914e-09, -7.275957614183426e-11, -1.0, -1.1641533570472262e-10, -1.0, 7.275957614183426e-11)","[ 0  1  2  3  4  5  6  7  8  9 10 11 12 13 14 15 16 17 18 19 20 21 22 23
 24 25 26 27 28 29 30 31 32 33 34 35 36 37 39 40 41 42 43 44]"
51,train,44,[256 256 256],[1. 1. 1.],"(-128.5, 128.25, 76.75)","(1.0, 1.0, 1.0)","(1.0, 0.0, 0.0, 0.0, -0.0, -1.0, 0.0, -1.0, 0.0)","[ 0  1  2  3  4  5  6  7  8  9 10 11 12 13 14 15 16 17 18 19 20 21 22 23
 24 25 26 27 28 29 30 31 32 33 34 35 36 37 39 40 41 42 43 44]"
52,train,44,[256 256 256],[1. 1. 1.],"(-123.5843505859375, 123.5484390258789, 127.64885711669922)","(1.0, 1.0, 1.0)","(1.0, -3.725290742551124e-09, -3.725290298461914e-09, -3.725290298461914e-09, -0.0, -1.0, -3.725290742551124e-09, -1.0, 1.3877789462175682e-17)","[ 0  1  2  3  4  5  6  7  8  9 10 11 12 13 14 15 16 17 18 19 20 21 22 23
 24 25 26 27 28 29 30 31 32 33 34 35 36 37 39 40 41 42 43 44]"
53,train,44,[256 256 256],[1. 1. 1.],"(-128.0356903076172, 126.85846710205078, 80.56244659423828)","(1.0, 1.0, 1.0)","(1.0, -1.4551915228366852e-11, 0.0, -4.1028158382630173e-22, -0.0, -1.0, -1.4551915228366852e-11, -1.0, 0.0)","[ 0  1  2  3  4  5  6  7  8  9 10 11 12 13 14 15 16 17 18 19 20 21 22 23
 24 25 26 27 28 29 30 31 32 33 34 35 36 37 39 40 41 42 43 44]"
54,train,44,[256 256 256],[1. 1. 1.],"(-111.40135192871094, 131.10617065429688, 145.4859161376953)","(1.0, 1.0, 1.0)","(1.0, 0.0, 0.0, 0.0, -0.0, -1.0, 0.0, -1.0, 0.0)","[ 0  1  2  3  4  5  6  7  8  9 10 11 12 13 14 15 16 17 18 19 20 21 22 23
 24 25 26 27 28 29 30 31 32 33 34 35 36 37 39 40 41 42 43 44]"
55,train,44,[256 256 256],[1. 1. 1.],"(-123.5843505859375, 123.5484390258789, 127.64885711669922)","(1.0, 1.0, 1.0)","(1.0, -3.725290742551124e-09, -3.725290298461914e-09, -3.725290298461914e-09, -0.0, -1.0, -3.725290742551124e-09, -1.0, 1.3877789462175682e-17)","[ 0  1  2  3  4  5  6  7  8  9 10 11 12 13 14 15 16 17 18 19 20 21 22 23
 24 25 26 27 28 29 30 31 32 33 34 35 36 37 39 40 41 42 43 44]"
56,train,44,[256 256 256],[1. 1. 1.],"(-128.59109497070312, 128.56727600097656, 79.1301040649414)","(1.0, 1.0, 1.0)","(1.0, 9.313224635931761e-10, -1.1102230246251565e-16, -1.1102230246251565e-16, -2.9103830456733704e-11, -1.0, 9.313224635931761e-10, -1.0, 2.9103830456733704e-11)","[ 0  1  2  3  4  5  6  7  8  9 10 11 12 13 14 15 16 17 18 19 20 21 22 23
 24 25 26 27 28 29 30 31 32 33 34 35 36 37 39 40 41 42 43 44]"
57,train,44,[256 256 256],[1. 1. 1.],"(-128.03463745117188, 122.44735717773438, 91.22411346435547)","(1.0, 1.0, 1.0)","(1.0, -4.656612873077393e-10, 5.8207653974573503e-11, 5.8207653974573503e-11, -9.094929670494523e-13, -1.0, -4.656612873077393e-10, -1.0, 9.094929670494523e-13)","[ 0  1  2  3  4  5  6  7  8  9 10 11 12 13 14 15 16 17 18 19 20 21 22 23
 24 25 26 27 28 29 30 31 32 33 34 35 36 37 39 40 41 42 43 44]"
58,train,44,[256 256 256],[1. 1. 1.],"(-128.02471923828125, 135.7186279296875, 125.757080078125)","(1.0, 1.0, 1.0)","(1.0, 4.336808689942018e-19, 7.450580596923828e-09, 7.450580596923828e-09, -4.3655745685100555e-11, -1.0, 1.0842021724855044e-19, -1.0, 4.3655745685100555e-11)","[ 0  1  2  3  4  5  6  7  8  9 10 11 12 13 14 15 16 17 18 19 20 21 22 23
 24 25 26 27 28 29 30 31 32 33 34 35 36 37 39 40 41 42 43 44]"
59,train,44,[256 256 256],[1. 1. 1.],"(-129.66427612304688, 123.53174591064453, 131.50306701660156)","(1.0, 1.0, 1.0)","(1.0, 3.725290298461914e-09, 0.0, 0.0, -5.820766091346741e-11, -1.0, 3.725290298461914e-09, -1.0, 5.8207657444020455e-11)","[ 0  1  2  3  4  5  6  7  8  9 10 11 12 13 14 15 16 17 18 19 20 21 22 23
 24 25 26 27 28 29 30 31 32 33 34 35 36 37 39 40 41 42 43 44]"
60,train,44,[256 256 256],[1. 1. 1.],"(-128.03213500976562, 125.44600677490234, 108.25508117675781)","(1.0, 1.0, 1.0)","(1.0, 7.4505797087454084e-09, -3.7252898543727042e-09, -3.7252898543727042e-09, 4.6566123179658803e-10, -1.0, 7.4505797087454084e-09, -1.0, -4.6566123179658803e-10)","[ 0  1  2  3  4  5  6  7  8  9 10 11 12 13 14 15 16 17 18 19 20 21 22 23
 24 25 26 27 28 29 30 31 32 33 34 35 36 37 39 40 41 42 43 44]"
61,train,44,[256 256 256],[1. 1. 1.],"(-123.61032104492188, 123.54840087890625, 127.68714141845703)","(1.0, 1.0, 1.0)","(1.0, 1.862645371275562e-09, 2.220446049250313e-16, 2.220446049250313e-16, 5.820767479125522e-11, -1.0, 1.862645371275562e-09, -1.0, -5.820767479125522e-11)","[ 0  1  2  3  4  5  6  7  8  9 10 11 12 13 14 15 16 17 18 19 20 21 22 23
 24 25 26 27 28 29 30 31 32 33 34 35 36 37 39 40 41 42 43 44]"
62,train,44,[256 256 256],[1. 1. 1.],"(-128.04360961914062, 123.52921295166016, 129.32968139648438)","(1.0, 1.0, 1.0)","(1.0, -9.313225191043273e-10, 4.7433838583892283e-20, 8.13151564740643e-20, 3.637980194870494e-11, -1.0, -9.313225191043273e-10, -1.0, -3.637980194870494e-11)","[ 0  1  2  3  4  5  6  7  8  9 10 11 12 13 14 15 16 17 18 19 20 21 22 23
 24 25 26 27 28 29 30 31 32 33 34 35 36 37 39 40 41 42 43 44]"
65,train,44,[256 256 256],[1. 1. 1.],"(-128.5, 120.50531768798828, 127.75)","(1.0, 1.0, 1.0)","(1.0, 0.0, 0.0, 0.0, -0.0, -1.0, 0.0, -1.0, 0.0)","[ 0  1  2  3  4  5  6  7  8  9 10 11 12 13 14 15 16 17 18 19 20 21 22 23
 24 25 26 27 28 29 30 31 32 33 34 35 36 37 39 40 41 42 43 44]"
66,train,44,[256 256 256],[1. 1. 1.],"(-129.14578247070312, 123.53605651855469, 130.99229431152344)","(1.0, 1.0, 1.0)","(1.0, 0.0, 0.0, 0.0, -5.820764356623265e-11, -1.0, 0.0, -1.0, 5.820764356623265e-11)","[ 0  1  2  3  4  5  6  7  8  9 10 11 12 13 14 15 16 17 18 19 20 21 22 23
 24 25 26 27 28 29 30 31 32 33 34 35 36 37 39 40 41 42 43 44]"
69,train,44,[256 256 256],[1. 1. 1.],"(-132.4668426513672, 127.98756408691406, 68.37679290771484)","(1.0, 1.0, 1.0)","(1.0, 5.551115123125783e-17, -5.759823395094389e-20, 5.759823395094389e-20, 6.938893903907228e-18, -1.0, 5.551115123125783e-17, -1.0, -6.938893903907228e-18)","[ 0  1  2  3  4  5  6  7  8  9 10 11 12 13 14 15 16 17 18 19 20 21 22 23
 24 25 26 27 28 29 30 31 32 33 34 35 36 37 39 40 41 42 43 44]"
70,train,44,[256 256 256],[1. 1. 1.],"(-123.60313415527344, 123.54842376708984, 127.67584991455078)","(1.0, 1.0, 1.0)","(1.0, 0.0, 0.0, 0.0, 9.094947017729282e-13, -1.0, 0.0, -1.0, -9.094947017729282e-13)","[ 0  1  2  3  4  5  6  7  8  9 10 11 12 13 14 15 16 17 18 19 20 21 22 23
 24 25 26 27 28 29 30 31 32 33 34 35 36 37 39 40 41 42 43 44]"
71,train,44,[256 256 256],[1. 1. 1.],"(-124.71966552734375, 123.5367202758789, 127.67292785644531)","(1.0, 1.0, 1.0)","(1.0, -2.3283067140944524e-10, 1.4551916963090328e-11, 1.4551916963090328e-11, -5.684341886080802e-14, -1.0, -2.3283067140944524e-10, -1.0, 5.684341886080802e-14)","[ 0  1  2  3  4  5  6  7  8  9 10 11 12 13 14 15 16 17 18 19 20 21 22 23
 24 25 26 27 28 29 30 31 32 33 34 35 36 37 39 40 41 42 43 44]"
72,train,43,[256 256 256],[1. 1. 1.],"(-126.38238525390625, 125.75436401367188, 145.3756866455078)","(1.0, 1.0, 1.0)","(1.0, -2.3283061589829401e-10, 1.3552523924894538e-20, 0.0, -1.1459631854560115e-10, -1.0, -2.3283061589829401e-10, -1.0, 1.1459631854560115e-10)","[ 0  1  2  3  4  5  6  7  8  9 10 11 12 13 14 15 16 17 18 20 21 22 23 24
 25 26 27 28 29 30 31 32 33 34 35 36 37 39 40 41 42 43 44]"
73,train,44,[256 256 256],[1. 1. 1.],"(-123.60275268554688, 123.54838562011719, 127.67532348632812)","(1.0, 1.0, 1.0)","(1.0, -3.469446951953614e-18, 1.862645593320167e-09, 1.862645593320167e-09, 1.1641532182693481e-10, -1.0, -3.469446951953614e-18, -1.0, -1.1641532182693481e-10)","[ 0  1  2  3  4  5  6  7  8  9 10 11 12 13 14 15 16 17 18 19 20 21 22 23
 24 25 26 27 28 29 30 31 32 33 34 35 36 37 39 40 41 42 43 44]"
74,train,43,[256 256 256],[1. 1. 1.],"(-123.6102294921875, 123.54225158691406, 127.67691802978516)","(1.0, 1.0, 1.0)","(1.0, 0.0, 1.1102230246251565e-16, 1.1102230246251565e-16, -1.8189755257580487e-12, -1.0, 0.0, -1.0, 1.8189755257580487e-12)","[ 0  1  2  3  4  5  6  7  8  9 10 11 12 13 14 15 16 17 18 20 21 22 23 24
 25 26 27 28 29 30 31 32 33 34 35 36 37 39 40 41 42 43 44]"
75,train,44,[256 256 256],[1. 1. 1.],"(-136.8740997314453, 131.2548828125, 142.99351501464844)","(1.0, 1.0, 1.0)","(1.0, 0.0, 0.0, 0.0, 7.275957614183426e-12, -1.0, 0.0, -1.0, -7.275957614183426e-12)","[ 0  1  2  3  4  5  6  7  8  9 10 11 12 13 14 15 16 17 18 19 20 21 22 23
 24 25 26 27 28 29 30 31 32 33 34 35 36 37 39 40 41 42 43 44]"
76,train,43,[256 256 256],[1. 1. 1.],"(-129.681884765625, 136.8249969482422, 126.17376708984375)","(1.0, 1.0, 1.0)","(1.0, 9.313225746154785e-10, -1.862645149230957e-09, -1.862645149230957e-09, 8.731149137020111e-11, -1.0, 9.313225746154785e-10, -1.0, -8.731149137020111e-11)","[ 0  1  2  3  4  5  6  7  8  9 10 11 12 13 14 15 16 17 18 20 21 22 23 24
 25 26 27 28 29 30 31 32 33 34 35 36 37 39 40 41 42 43 44]"
77,train,44,[256 256 256],[1. 1. 1.],"(-123.5843505859375, 123.5484390258789, 127.64885711669922)","(1.0, 1.0, 1.0)","(1.0, -3.725290742551124e-09, -3.725290298461914e-09, -3.725290298461914e-09, -0.0, -1.0, -3.725290742551124e-09, -1.0, 1.3877789462175682e-17)","[ 0  1  2  3  4  5  6  7  8  9 10 11 12 13 14 15 16 17 18 19 20 21 22 23
 24 25 26 27 28 29 30 31 32 33 34 35 36 37 39 40 41 42 43 44]"
78,train,44,[256 256 256],[1. 1. 1.],"(-123.5843505859375, 123.5484390258789, 127.64885711669922)","(1.0, 1.0, 1.0)","(1.0, -3.725290742551124e-09, -3.725290298461914e-09, -3.725290298461914e-09, -0.0, -1.0, -3.725290742551124e-09, -1.0, 1.3877789462175682e-17)","[ 0  1  2  3  4  5  6  7  8  9 10 11 12 13 14 15 16 17 18 19 20 21 22 23
 24 25 26 27 28 29 30 31 32 33 34 35 36 37 39 40 41 42 43 44]"
80,train,44,[256 256 256],[1. 1. 1.],"(-128.5848388671875, 126.32008361816406, 83.32489013671875)","(1.0, 1.0, 1.0)","(1.0, -5.551115123125783e-17, 9.313224635931761e-10, 9.313224635931761e-10, 5.820766091346741e-11, -1.0, -5.551115123125783e-17, -1.0, -5.820766091346741e-11)","[ 0  1  2  3  4  5  6  7  8  9 10 11 12 13 14 15 16 17 18 19 20 21 22 23
 24 25 26 27 28 29 30 31 32 33 34 35 36 37 39 40 41 42 43 44]"
81,train,44,[256 256 256],[1. 1. 1.],"(-123.5843505859375, 123.5484390258789, 127.64885711669922)","(1.0, 1.0, 1.0)","(1.0, -3.725290742551124e-09, -3.725290298461914e-09, -3.725290298461914e-09, -0.0, -1.0, -3.725290742551124e-09, -1.0, 1.3877789462175682e-17)","[ 0  1  2  3  4  5  6  7  8  9 10 11 12 13 14 15 16 17 18 19 20 21 22 23
 24 25 26 27 28 29 30 31 32 33 34 35 36 37 39 40 41 42 43 44]"
82,train,44,[256 256 256],[1. 1. 1.],"(-123.5843505859375, 123.5484390258789, 127.64885711669922)","(1.0, 1.0, 1.0)","(1.0, -3.725290742551124e-09, -3.725290298461914e-09, -3.725290298461914e-09, -0.0, -1.0, -3.725290742551124e-09, -1.0, 1.3877789462175682e-17)","[ 0  1  2  3  4  5  6  7  8  9 10 11 12 13 14 15 16 17 18 19 20 21 22 23
 24 25 26 27 28 29 30 31 32 33 34 35 36 37 39 40 41 42 43 44]"
83,test,44,[256 256 256],[1. 1. 1.],"(-123.60386657714844, 123.54841613769531, 127.67694091796875)","(1.0, 1.0, 1.0)","(1.0, -1.1641530794914701e-10, -3.725290076417309e-09, -3.725290076417309e-09, 1.127773430198431e-10, -1.0, -1.1641530794914701e-10, -1.0, -1.127773430198431e-10)","[ 0  1  2  3  4  5  6  7  8  9 10 11 12 13 14 15 16 17 18 19 20 21 22 23
 24 25 26 27 28 29 30 31 32 33 34 35 36 37 39 40 41 42 43 44]"
84,test,44,[256 256 256],[1. 1. 1.],"(-123.61408996582031, 123.54840850830078, 127.69322967529297)","(1.0, 1.0, 1.0)","(1.0, -1.862645593320167e-09, 3.725291186640334e-09, 3.725291186640334e-09, 2.3283069916502086e-10, -1.0, -1.862645593320167e-09, -1.0, -2.3283069916502086e-10)","[ 0  1  2  3  4  5  6  7  8  9 10 11 12 13 14 15 16 17 18 19 20 21 22 23
 24 25 26 27 28 29 30 31 32 33 34 35 36 37 39 40 41 42 43 44]"
85,test,44,[256 256 256],[1. 1. 1.],"(-123.60381317138672, 123.54200744628906, 127.66661071777344)","(1.0, 1.0, 1.0)","(1.0, -1.8626450382086546e-09, 9.313225746154785e-10, 9.313225746154785e-10, -4.3655745685100555e-11, -1.0, -1.8626450382086546e-09, -1.0, 4.3655745685100555e-11)","[ 0  1  2  3  4  5  6  7  8  9 10 11 12 13 14 15 16 17 18 19 20 21 22 23
 24 25 26 27 28 29 30 31 32 33 34 35 36 37 39 40 41 42 43 44]"
86,test,44,[256 256 256],[1. 1. 1.],"(-123.5843505859375, 123.5484390258789, 127.64885711669922)","(1.0, 1.0, 1.0)","(1.0, -3.725290742551124e-09, -3.725290298461914e-09, -3.725290298461914e-09, -0.0, -1.0, -3.725290742551124e-09, -1.0, 1.3877789462175682e-17)","[ 0  1  2  3  4  5  6  7  8  9 10 11 12 13 14 15 16 17 18 19 20 21 22 23
 24 25 26 27 28 29 30 31 32 33 34 35 36 37 39 40 41 42 43 44]"
87,test,44,[256 256 256],[1. 1. 1.],"(-123.61064147949219, 123.53941345214844, 127.67291259765625)","(1.0, 1.0, 1.0)","(1.0, -2.3283067140944524e-10, 0.0, 0.0, -5.6388678448815455e-11, -1.0, -2.3283067140944524e-10, -1.0, 5.6388678448815455e-11)","[ 0  1  2  3  4  5  6  7  8  9 10 11 12 13 14 15 16 17 18 19 20 21 22 23
 24 25 26 27 28 29 30 31 32 33 34 35 36 37 39 40 41 42 43 44]"
88,test,44,[256 256 256],[1. 1. 1.],"(-124.74817657470703, 109.55307006835938, 115.07969665527344)","(1.0, 1.0, 1.0)","(1.0, 0.0, -7.450582373280668e-09, -7.450582373280668e-09, 2.3283069916502086e-10, -1.0, 0.0, -1.0, -2.3283069916502086e-10)","[ 0  1  2  3  4  5  6  7  8  9 10 11 12 13 14 15 16 17 18 19 20 21 22 23
 24 25 26 27 28 29 30 31 32 33 34 35 36 37 39 40 41 42 43 44]"
89,test,42,[256 256 256],[1. 1. 1.],"(-126.36621856689453, 121.88884735107422, 124.90843200683594)","(1.0, 1.0, 1.0)","(1.0, 0.0, 0.0, 0.0, -8.731149137020111e-11, -1.0, 0.0, -1.0, 8.731149137020111e-11)","[ 0  1  2  3  4  5  6  7  8  9 10 11 12 13 14 15 16 17 18 20 21 22 23 24
 25 26 27 28 29 30 31 32 33 34 36 37 39 40 41 42 43 44]"
90,test,44,[256 256 256],[1. 1. 1.],"(-126.93872833251953, 123.5333023071289, 128.78330993652344)","(1.0, 1.0, 1.0)","(1.0, 0.0, -4.6566123179658803e-10, -4.6566123179658803e-10, 1.1641530794914701e-10, -1.0, 0.0, -1.0, -1.1641530794914701e-10)","[ 0  1  2  3  4  5  6  7  8  9 10 11 12 13 14 15 16 17 18 19 20 21 22 23
 24 25 26 27 28 29 30 31 32 33 34 35 36 37 39 40 41 42 43 44]"
91,test,44,[256 256 256],[1. 1. 1.],"(-119.74275207519531, 123.53873443603516, 128.78477478027344)","(1.0, 1.0, 1.0)","(1.0, 2.5410984378661175e-21, -4.6566125955216364e-10, -4.6566125955216364e-10, -1.1459631854560115e-10, -1.0, 5.590416805643529e-20, -1.0, 1.1459631854560115e-10)","[ 0  1  2  3  4  5  6  7  8  9 10 11 12 13 14 15 16 17 18 19 20 21 22 23
 24 25 26 27 28 29 30 31 32 33 34 35 36 37 39 40 41 42 43 44]"
97,test,43,[256 256 256],[1. 1. 1.],"(-129.17306518554688, 129.440185546875, 80.78023529052734)","(1.0, 1.0, 1.0)","(1.0, 4.656613983300417e-10, -1.862645593320167e-09, -1.862645593320167e-09, -0.0, -1.0, 4.656613983300417e-10, -1.0, 0.0)","[ 0  1  2  3  4  5  6  7  8  9 10 11 12 13 14 15 16 17 18 19 20 21 22 23
 24 25 26 27 28 29 30 31 32 33 34 36 37 39 40 41 42 43 44]"
98,test,44,[256 256 256],[1. 1. 1.],"(-135.21780395507812, 105.84628295898438, 97.02523040771484)","(1.0, 1.0, 1.0)","(1.0, -2.3283064365386963e-10, 0.0, 0.0, -5.093169982983703e-11, -1.0, -2.3283064365386963e-10, -1.0, 5.093169982983703e-11)","[ 0  1  2  3  4  5  6  7  8  9 10 11 12 13 14 15 16 17 18 19 20 21 22 23
 24 25 26 27 28 29 30 31 32 33 34 35 36 37 39 40 41 42 43 44]"
99,test,44,[256 256 256],[1. 1. 1.],"(-123.5843505859375, 123.5484390258789, 127.64885711669922)","(1.0, 1.0, 1.0)","(1.0, -3.725290742551124e-09, -3.725290298461914e-09, -3.725290298461914e-09, -0.0, -1.0, -3.725290742551124e-09, -1.0, 1.3877789462175682e-17)","[ 0  1  2  3  4  5  6  7  8  9 10 11 12 13 14 15 16 17 18 19 20 21 22 23
 24 25 26 27 28 29 30 31 32 33 34 35 36 37 39 40 41 42 43 44]"
100,test,44,[256 256 256],[1. 1. 1.],"(-123.5843505859375, 123.5484390258789, 127.64885711669922)","(1.0, 1.0, 1.0)","(1.0, -3.725290742551124e-09, -3.725290298461914e-09, -3.725290298461914e-09, -0.0, -1.0, -3.725290742551124e-09, -1.0, 1.3877789462175682e-17)","[ 0  1  2  3  4  5  6  7  8  9 10 11 12 13 14 15 16 17 18 19 20 21 22 23
 24 25 26 27 28 29 30 31 32 33 34 35 36 37 39 40 41 42 43 44]"
101,test,45,[256 256 256],[1. 1. 1.],"(-123.60308074951172, 159.41046142578125, 122.26683807373047)","(1.0, 1.0, 1.0)","(1.0, -2.7755575615628914e-17, 1.862645371275562e-09, 1.862645371275562e-09, -5.0931706768730933e-11, -1.0, -2.7755575615628914e-17, -1.0, 5.093170329928398e-11)","[ 0  1  2  3  4  5  6  7  8  9 10 11 12 13 14 15 16 17 18 19 20 21 22 23
 24 25 26 27 28 29 30 31 32 33 34 35 36 37 38 39 40 41 42 43 44]"
102,test,44,[256 256 256],[1. 1. 1.],"(-123.62017822265625, 123.5313491821289, 127.67534637451172)","(1.0, 1.0, 1.0)","(1.0, 0.0, 7.610061635487855e-22, -7.808584982500581e-22, -6.821210263296962e-13, -1.0, 0.0, -1.0, 6.821210263296962e-13)","[ 0  1  2  3  4  5  6  7  8  9 10 11 12 13 14 15 16 17 18 19 20 21 22 23
 24 25 26 27 28 29 30 31 32 33 34 35 36 37 39 40 41 42 43 44]"
103,test,44,[256 256 256],[1. 1. 1.],"(-123.6221694946289, 123.5359115600586, 127.68572235107422)","(1.0, 1.0, 1.0)","(1.0, -9.313224635931761e-10, -5.820766091346741e-11, -5.820766091346741e-11, -1.191438059322536e-10, -1.0, -9.313224635931761e-10, -1.0, 1.191438059322536e-10)","[ 0  1  2  3  4  5  6  7  8  9 10 11 12 13 14 15 16 17 18 19 20 21 22 23
 24 25 26 27 28 29 30 31 32 33 34 35 36 37 39 40 41 42 43 44]"
106,test,44,[256 256 256],[1. 1. 1.],"(-123.60810852050781, 123.53954315185547, 127.66915893554688)","(1.0, 1.0, 1.0)","(1.0, 0.0, 0.0, 0.0, -7.275957614183426e-12, -1.0, 0.0, -1.0, 7.275957614183426e-12)","[ 0  1  2  3  4  5  6  7  8  9 10 11 12 13 14 15 16 17 18 19 20 21 22 23
 24 25 26 27 28 29 30 31 32 33 34 35 36 37 39 40 41 42 43 44]"
107,test,44,[256 256 256],[1. 1. 1.],"(-128.07882690429688, 132.97052001953125, 117.53416442871094)","(1.0, 1.0, 1.0)","(1.0, 2.7939679458910405e-09, 7.450580596923828e-09, 7.450580596923828e-09, 1.1641533570472262e-10, -1.0, 2.7939679458910405e-09, -1.0, -1.1641530794914701e-10)","[ 0  1  2  3  4  5  6  7  8  9 10 11 12 13 14 15 16 17 18 19 20 21 22 23
 24 25 26 27 28 29 30 31 32 33 34 35 36 37 39 40 41 42 43 44]"
108,test,43,[256 256 256],[1. 1. 1.],"(-123.59313201904297, 121.21096801757812, 149.88681030273438)","(1.0, 1.0, 1.0)","(1.0, -1.1102230246251565e-16, 1.862645371275562e-09, 1.862645371275562e-09, -1.1641532182693481e-10, -1.0, -1.1102230246251565e-16, -1.0, 1.1641532182693481e-10)","[ 0  1  2  3  4  5  6  7  8  9 10 11 12 13 14 15 16 17 18 20 21 22 23 24
 25 26 27 28 29 30 31 32 33 34 35 36 37 39 40 41 42 43 44]"
109,test,44,[256 256 256],[1. 1. 1.],"(-126.40450286865234, 133.73878479003906, 128.29086303710938)","(1.0, 1.0, 1.0)","(1.0, -3.725291186640334e-09, -1.862645149230957e-09, -1.862645149230957e-09, 6.984920419839113e-10, -1.0, -3.725291186640334e-09, -1.0, -6.984920419839113e-10)","[ 0  1  2  3  4  5  6  7  8  9 10 11 12 13 14 15 16 17 18 19 20 21 22 23
 24 25 26 27 28 29 30 31 32 33 34 35 36 37 39 40 41 42 43 44]"
110,test,44,[256 256 256],[1. 1. 1.],"(-135.7860870361328, 133.06027221679688, 90.98412322998047)","(1.0, 1.0, 1.0)","(1.0, 0.0, 0.0, 0.0, -2.910383739562761e-11, -1.0, 0.0, -1.0, 2.910383739562761e-11)","[ 0  1  2  3  4  5  6  7  8  9 10 11 12 13 14 15 16 17 18 19 20 21 22 23
 24 25 26 27 28 29 30 31 32 33 34 35 36 37 39 40 41 42 43 44]"
111,test,44,[256 256 256],[1. 1. 1.],"(-131.96945190429688, 129.560546875, 127.6830062866211)","(1.0, 1.0, 1.0)","(1.0, 4.656612873077393e-10, 7.450580596923828e-09, 7.450580596923828e-09, -5.820766091346741e-11, -1.0, 4.656612873077393e-10, -1.0, 5.820766785236131e-11)","[ 0  1  2  3  4  5  6  7  8  9 10 11 12 13 14 15 16 17 18 19 20 21 22 23
 24 25 26 27 28 29 30 31 32 33 34 35 36 37 39 40 41 42 43 44]"
112,test,44,[256 256 256],[1. 1. 1.],"(-128.61395263671875, 123.51567077636719, 126.57085418701172)","(1.0, 1.0, 1.0)","(1.0, -1.1641532182693481e-10, 1.862645149230957e-09, 1.862645149230957e-09, 2.3283064365386963e-10, -1.0, -1.1641532182693481e-10, -1.0, -2.3283064365386963e-10)","[ 0  1  2  3  4  5  6  7  8  9 10 11 12 13 14 15 16 17 18 19 20 21 22 23
 24 25 26 27 28 29 30 31 32 33 34 35 36 37 39 40 41 42 43 44]"
114,test,44,[256 256 256],[1. 1. 1.],"(-128.043212890625, 123.52950286865234, 128.22218322753906)","(1.0, 1.0, 1.0)","(1.0, -9.313224635931761e-10, 0.0, 0.0, 1.0186339272078015e-10, -1.0, -9.313224635931761e-10, -1.0, -1.0186339272078015e-10)","[ 0  1  2  3  4  5  6  7  8  9 10 11 12 13 14 15 16 17 18 19 20 21 22 23
 24 25 26 27 28 29 30 31 32 33 34 35 36 37 39 40 41 42 43 44]"
115,test,42,[256 256 256],[1. 1. 1.],"(-123.6189193725586, 123.51467895507812, 127.64884948730469)","(1.0, 1.0, 1.0)","(1.0, -8.673617379884035e-19, -3.725290298461914e-09, -3.725290298461914e-09, -1.1641532182693481e-10, -1.0, 0.0, -1.0, 1.1641532182693481e-10)","[ 0  1  2  3  4  5  6  7  8  9 10 11 12 13 14 15 16 17 18 20 21 22 23 24
 25 26 27 28 29 30 31 32 33 34 36 37 39 40 41 42 43 44]"
117,test,43,[256 256 256],[1. 1. 1.],"(-129.72654724121094, 117.42778778076172, 87.34090423583984)","(1.0, 1.0, 1.0)","(1.0, 2.3283061589829401e-10, 7.4505797087454084e-09, 7.4505797087454084e-09, -2.9103830456733704e-11, -1.0, 2.3283061589829401e-10, -1.0, 2.9103830456733704e-11)","[ 0  1  2  3  4  5  6  7  8  9 10 11 12 13 14 15 16 17 18 20 21 22 23 24
 25 26 27 28 29 30 31 32 33 34 35 36 37 39 40 41 42 43 44]"
118,test,44,[256 256 256],[1. 1. 1.],"(-123.5843505859375, 123.5484390258789, 127.64885711669922)","(1.0, 1.0, 1.0)","(1.0, -3.725290742551124e-09, -3.725290298461914e-09, -3.725290298461914e-09, -0.0, -1.0, -3.725290742551124e-09, -1.0, 1.3877789462175682e-17)","[ 0  1  2  3  4  5  6  7  8  9 10 11 12 13 14 15 16 17 18 19 20 21 22 23
 24 25 26 27 28 29 30 31 32 33 34 35 36 37 39 40 41 42 43 44]"
120,test,44,[256 256 256],[1. 1. 1.],"(-131.90408325195312, 127.99469757080078, 84.3433837890625)","(1.0, 1.0, 1.0)","(1.0, 2.3283064365386963e-10, 3.3881317890172014e-21, 0.0, -6.184563278166522e-11, -1.0, 2.3283064365386963e-10, -1.0, 6.184563278166522e-11)","[ 0  1  2  3  4  5  6  7  8  9 10 11 12 13 14 15 16 17 18 19 20 21 22 23
 24 25 26 27 28 29 30 31 32 33 34 35 36 37 39 40 41 42 43 44]"
122,test,44,[256 256 256],[1. 1. 1.],"(-127.4566879272461, 124.65481567382812, 127.64884185791016)","(1.0, 1.0, 1.0)","(1.0, -3.725290742551124e-09, -3.725290298461914e-09, -3.725290298461914e-09, -0.0, -1.0, -3.725290742551124e-09, -1.0, 1.3877789462175682e-17)","[ 0  1  2  3  4  5  6  7  8  9 10 11 12 13 14 15 16 17 18 19 20 21 22 23
 24 25 26 27 28 29 30 31 32 33 34 35 36 37 39 40 41 42 43 44]"
123,test,44,[256 256 256],[1. 1. 1.],"(-126.94924926757812, 124.04165649414062, 129.30844116210938)","(1.0, 1.0, 1.0)","(1.0, 1.8626449271863521e-09, 3.725290298461914e-09, 3.725290298461914e-09, 2.3283064365386963e-10, -1.0, 1.8626449271863521e-09, -1.0, -2.3283064365386963e-10)","[ 0  1  2  3  4  5  6  7  8  9 10 11 12 13 14 15 16 17 18 19 20 21 22 23
 24 25 26 27 28 29 30 31 32 33 34 35 36 37 39 40 41 42 43 44]"
124,test,44,[256 256 256],[1. 1. 1.],"(-128.5691680908203, 123.01095581054688, 127.12934875488281)","(1.0, 1.0, 1.0)","(1.0, 0.0, -3.725290298461914e-09, -3.725290298461914e-09, -5.820766091346741e-11, -1.0, 0.0, -1.0, 5.820766091346741e-11)","[ 0  1  2  3  4  5  6  7  8  9 10 11 12 13 14 15 16 17 18 19 20 21 22 23
 24 25 26 27 28 29 30 31 32 33 34 35 36 37 39 40 41 42 43 44]"
125,test,44,[256 256 256],[1. 1. 1.],"(-126.93091583251953, 129.0582733154297, 59.06012725830078)","(1.0, 1.0, 1.0)","(1.0, -1.1641533570472262e-10, -2.3283067140944524e-10, -2.3283067140944524e-10, 2.3237591018077097e-10, -1.0, -1.1641533570472262e-10, -1.0, -2.3237591018077097e-10)","[ 0  1  2  3  4  5  6  7  8  9 10 11 12 13 14 15 16 17 18 19 20 21 22 23
 24 25 26 27 28 29 30 31 32 33 34 35 36 37 39 40 41 42 43 44]"
126,test,44,[256 256 256],[1. 1. 1.],"(-123.62061309814453, 123.52794647216797, 127.67082977294922)","(1.0, 1.0, 1.0)","(1.0, -9.31322685637781e-10, 1.1102230246251565e-16, 1.1102230246251565e-16, -0.0, -1.0, -9.31322685637781e-10, -1.0, 3.469446951953614e-18)","[ 0  1  2  3  4  5  6  7  8  9 10 11 12 13 14 15 16 17 18 19 20 21 22 23
 24 25 26 27 28 29 30 31 32 33 34 35 36 37 39 40 41 42 43 44]"
127,test,44,[256 256 256],[1. 1. 1.],"(-127.4835205078125, 129.07070922851562, 122.68172454833984)","(1.0, 1.0, 1.0)","(1.0, -9.313225746154785e-10, 4.656613428188905e-10, 4.656613428188905e-10, 2.9103830456733704e-11, -1.0, -9.313225746154785e-10, -1.0, -2.9103830456733704e-11)","[ 0  1  2  3  4  5  6  7  8  9 10 11 12 13 14 15 16 17 18 19 20 21 22 23
 24 25 26 27 28 29 30 31 32 33 34 35 36 37 39 40 41 42 43 44]"
128,test,44,[256 256 256],[1. 1. 1.],"(-123.63166809082031, 128.87841796875, 114.9427719116211)","(1.0, 1.0, 1.0)","(1.0, 1.862645371275562e-09, -4.656613428188905e-10, -4.656613428188905e-10, -1.1641533570472262e-10, -1.0, 1.862645371275562e-09, -1.0, 1.1641533570472262e-10)","[ 0  1  2  3  4  5  6  7  8  9 10 11 12 13 14 15 16 17 18 19 20 21 22 23
 24 25 26 27 28 29 30 31 32 33 34 35 36 37 39 40 41 42 43 44]"
130,test,44,[256 256 256],[1. 1. 1.],"(-128.03939819335938, 129.068359375, 113.8433609008789)","(1.0, 1.0, 1.0)","(1.0, -8.364450354136216e-21, 5.820766091346741e-11, 5.820766091346741e-11, 5.752553988713771e-11, -1.0, 0.0, -1.0, -5.752553988713771e-11)","[ 0  1  2  3  4  5  6  7  8  9 10 11 12 13 14 15 16 17 18 19 20 21 22 23
 24 25 26 27 28 29 30 31 32 33 34 35 36 37 39 40 41 42 43 44]"
131,test,44,[256 256 256],[1. 1. 1.],"(-126.37748718261719, 120.22002410888672, 121.14197540283203)","(1.0, 1.0, 1.0)","(1.0, -1.1641533570472262e-10, -1.84229698339553e-20, 0.0, 6.002665725590717e-11, -1.0, -1.1641533570472262e-10, -1.0, -6.002665725590717e-11)","[ 0  1  2  3  4  5  6  7  8  9 10 11 12 13 14 15 16 17 18 19 20 21 22 23
 24 25 26 27 28 29 30 31 32 33 34 35 36 37 39 40 41 42 43 44]"
132,test,44,[256 256 256],[1. 1. 1.],"(-123.61701202392578, 131.2806396484375, 128.21385192871094)","(1.0, 1.0, 1.0)","(1.0, 1.1641533570472262e-10, 1.6570085261836518e-20, 0.0, 2.2737367544323206e-13, -1.0, 1.1641533570472262e-10, -1.0, -2.2737367544323206e-13)","[ 0  1  2  3  4  5  6  7  8  9 10 11 12 13 14 15 16 17 18 19 20 21 22 23
 24 25 26 27 28 29 30 31 32 33 34 35 36 37 39 40 41 42 43 44]"
133,test,44,[256 256 256],[1. 1. 1.],"(-126.93169403076172, 123.53954315185547, 128.78231811523438)","(1.0, 1.0, 1.0)","(1.0, 2.9103830456733704e-11, 4.656612873077393e-10, 4.656612873077393e-10, -1.734723475976807e-18, -1.0, 2.9103830456733704e-11, -1.0, 1.734723475976807e-18)","[ 0  1  2  3  4  5  6  7  8  9 10 11 12 13 14 15 16 17 18 19 20 21 22 23
 24 25 26 27 28 29 30 31 32 33 34 35 36 37 39 40 41 42 43 44]"
134,test,44,[256 256 256],[1. 1. 1.],"(-132.48175048828125, 123.5146255493164, 128.22145080566406)","(1.0, 1.0, 1.0)","(1.0, 4.656612873077393e-10, 5.421010862427522e-20, 0.0, 2.9103833926180656e-11, -1.0, 4.656612873077393e-10, -1.0, -2.9103833926180656e-11)","[ 0  1  2  3  4  5  6  7  8  9 10 11 12 13 14 15 16 17 18 19 20 21 22 23
 24 25 26 27 28 29 30 31 32 33 34 35 36 37 39 40 41 42 43 44]"
135,test,44,[256 256 256],[1. 1. 1.],"(-121.40203857421875, 123.5390853881836, 128.23196411132812)","(1.0, 1.0, 1.0)","(1.0, 0.0, -2.3283064365386963e-10, -2.3283064365386963e-10, -1.1641532182693481e-10, -1.0, 2.202285662861181e-20, -1.0, 1.1641532182693481e-10)","[ 0  1  2  3  4  5  6  7  8  9 10 11 12 13 14 15 16 17 18 19 20 21 22 23
 24 25 26 27 28 29 30 31 32 33 34 35 36 37 39 40 41 42 43 44]"
136,test,45,[256 256 256],[1. 1. 1.],"(-123.54911041259766, 123.57637023925781, 127.64885711669922)","(1.0, 1.0, 1.0)","(1.0, -1.862645371275562e-09, -7.450580596923828e-09, -7.450580596923828e-09, 2.3283069916502086e-10, -1.0, -1.862645371275562e-09, -1.0, -2.3283067140944524e-10)","[ 0  1  2  3  4  5  6  7  8  9 10 11 12 13 14 15 16 17 18 19 20 21 22 23
 24 25 26 27 28 29 30 31 32 33 34 35 36 37 38 39 40 41 42 43 44]"
138,test,44,[256 256 256],[1. 1. 1.],"(-125.27613067626953, 123.53008270263672, 128.77511596679688)","(1.0, 1.0, 1.0)","(1.0, 9.313225746154785e-10, 9.313225746154785e-10, 9.313225746154785e-10, 6.548361852765083e-11, -1.0, 9.313225746154785e-10, -1.0, -6.548361852765083e-11)","[ 0  1  2  3  4  5  6  7  8  9 10 11 12 13 14 15 16 17 18 19 20 21 22 23
 24 25 26 27 28 29 30 31 32 33 34 35 36 37 39 40 41 42 43 44]"
139,test,44,[256 256 256],[1. 1. 1.],"(-123.5843505859375, 123.5484390258789, 127.64885711669922)","(1.0, 1.0, 1.0)","(1.0, -3.725290742551124e-09, -3.725290298461914e-09, -3.725290298461914e-09, -0.0, -1.0, -3.725290742551124e-09, -1.0, 1.3877789462175682e-17)","[ 0  1  2  3  4  5  6  7  8  9 10 11 12 13 14 15 16 17 18 19 20 21 22 23
 24 25 26 27 28 29 30 31 32 33 34 35 36 37 39 40 41 42 43 44]"
140,test,44,[256 256 256],[1. 1. 1.],"(-120.83191680908203, 123.54841613769531, 127.66799926757812)","(1.0, 1.0, 1.0)","(1.0, -9.313225746154785e-10, -1.862645149230957e-09, -1.862645149230957e-09, -8.731149137020111e-11, -1.0, -9.313225746154785e-10, -1.0, 8.731149137020111e-11)","[ 0  1  2  3  4  5  6  7  8  9 10 11 12 13 14 15 16 17 18 19 20 21 22 23
 24 25 26 27 28 29 30 31 32 33 34 35 36 37 39 40 41 42 43 44]"
141,test,44,[256 256 256],[1. 1. 1.],"(-135.22018432617188, 123.54843139648438, 129.33551025390625)","(1.0, 1.0, 1.0)","(1.0, 6.098638254206728e-19, 5.587936335871291e-09, 5.587936335871291e-09, -0.0, -1.0, 0.0, -1.0, 0.0)","[ 0  1  2  3  4  5  6  7  8  9 10 11 12 13 14 15 16 17 18 19 20 21 22 23
 24 25 26 27 28 29 30 31 32 33 34 35 36 37 39 40 41 42 43 44]"
142,test,44,[256 256 256],[1. 1. 1.],"(-123.60826873779297, 124.09201049804688, 72.12286376953125)","(1.0, 1.0, 1.0)","(1.0, -1.1641533570472262e-10, -9.313225746154785e-10, -9.313225746154785e-10, 3.637978807091713e-12, -1.0, -1.1641533570472262e-10, -1.0, -3.637978807091713e-12)","[ 0  1  2  3  4  5  6  7  8  9 10 11 12 13 14 15 16 17 18 19 20 21 22 23
 24 25 26 27 28 29 30 31 32 33 34 35 36 37 39 40 41 42 43 44]"
143,test,44,[256 256 256],[1. 1. 1.],"(-126.97000885009766, 111.93013763427734, 95.30926513671875)","(1.0, 1.0, 1.0)","(1.0, -8.673620481811333e-19, -8.881784197001252e-16, -8.881784197001252e-16, 6.938893903907228e-18, -1.0, 8.673620481811333e-19, -1.0, -6.938893903907228e-18)","[ 0  1  2  3  4  5  6  7  8  9 10 11 12 13 14 15 16 17 18 19 20 21 22 23
 24 25 26 27 28 29 30 31 32 33 34 35 36 37 39 40 41 42 43 44]"
145,test,44,[256 256 256],[1. 1. 1.],"(-136.86685180664062, 117.1654281616211, 140.13926696777344)","(1.0, 1.0, 1.0)","(1.0, 1.862645371275562e-09, -1.862645371275562e-09, -1.862645371275562e-09, 1.7462299661819003e-10, -1.0, 1.862645371275562e-09, -1.0, -1.7462299661819003e-10)","[ 0  1  2  3  4  5  6  7  8  9 10 11 12 13 14 15 16 17 18 19 20 21 22 23
 24 25 26 27 28 29 30 31 32 33 34 35 36 37 39 40 41 42 43 44]"
146,test,44,[256 256 256],[1. 1. 1.],"(-127.47640228271484, 120.78247833251953, 138.18795776367188)","(1.0, 1.0, 1.0)","(1.0, 1.1641532182693481e-10, -1.862645149230957e-09, -1.862645149230957e-09, 1.0913936421275139e-10, -1.0, 1.1641532182693481e-10, -1.0, -1.0913936421275139e-10)","[ 0  1  2  3  4  5  6  7  8  9 10 11 12 13 14 15 16 17 18 19 20 21 22 23
 24 25 26 27 28 29 30 31 32 33 34 35 36 37 39 40 41 42 43 44]"
147,test,44,[256 256 256],[1. 1. 1.],"(-112.52658081054688, 123.54842376708984, 130.97637939453125)","(1.0, 1.0, 1.0)","(1.0, -4.440892098500626e-16, -1.8626449271863521e-09, -1.8626449271863521e-09, 1.7462299661819003e-10, -1.0, -4.440892098500626e-16, -1.0, -1.7462298274040222e-10)","[ 0  1  2  3  4  5  6  7  8  9 10 11 12 13 14 15 16 17 18 19 20 21 22 23
 24 25 26 27 28 29 30 31 32 33 34 35 36 37 39 40 41 42 43 44]"
148,test,44,[256 256 256],[1. 1. 1.],"(-126.92994689941406, 125.1954116821289, 80.5925064086914)","(1.0, 1.0, 1.0)","(1.0, -1.1641532182693481e-10, 4.656613428188905e-10, 4.656613428188905e-10, 3.469446951953614e-18, -1.0, -1.1641532182693481e-10, -1.0, -3.469446951953614e-18)","[ 0  1  2  3  4  5  6  7  8  9 10 11 12 13 14 15 16 17 18 19 20 21 22 23
 24 25 26 27 28 29 30 31 32 33 34 35 36 37 39 40 41 42 43 44]"
149,test,44,[256 256 256],[1. 1. 1.],"(-123.59815216064453, 125.20952606201172, 98.45694732666016)","(1.0, 1.0, 1.0)","(1.0, -2.3283064365386963e-10, -3.725290298461914e-09, -3.725290298461914e-09, 5.820766091346741e-11, -1.0, -2.3283064365386963e-10, -1.0, -5.820766091346741e-11)","[ 0  1  2  3  4  5  6  7  8  9 10 11 12 13 14 15 16 17 18 19 20 21 22 23
 24 25 26 27 28 29 30 31 32 33 34 35 36 37 39 40 41 42 43 44]"
150,test,44,[256 256 256],[1. 1. 1.],"(-123.64260864257812, 127.29914093017578, 126.92292022705078)","(1.0, 1.0, 1.0)","(1.0, -5.551115123125783e-17, 3.725290298461914e-09, 3.725290298461914e-09, -8.73114774924133e-11, -1.0, -5.551115123125783e-17, -1.0, 8.73114774924133e-11)","[ 0  1  2  3  4  5  6  7  8  9 10 11 12 13 14 15 16 17 18 19 20 21 22 23
 24 25 26 27 28 29 30 31 32 33 34 35 36 37 39 40 41 42 43 44]"
152,test,44,[256 256 256],[1. 1. 1.],"(-128.59286499023438, 124.08922576904297, 129.33457946777344)","(1.0, 1.0, 1.0)","(1.0, 0.0, 5.820766091346741e-11, 5.820766091346741e-11, -2.319211489520967e-10, -1.0, 0.0, -1.0, 2.319211489520967e-10)","[ 0  1  2  3  4  5  6  7  8  9 10 11 12 13 14 15 16 17 18 19 20 21 22 23
 24 25 26 27 28 29 30 31 32 33 34 35 36 37 39 40 41 42 43 44]"
153,test,44,[256 256 256],[1. 1. 1.],"(-130.83230590820312, 118.02690887451172, 110.30929565429688)","(1.0, 1.0, 1.0)","(1.0, 9.31322685637781e-10, 0.0, -1.0842023017324751e-19, 5.820766091346741e-11, -1.0, 9.31322685637781e-10, -1.0, -5.820766091346741e-11)","[ 0  1  2  3  4  5  6  7  8  9 10 11 12 13 14 15 16 17 18 19 20 21 22 23
 24 25 26 27 28 29 30 31 32 33 34 35 36 37 39 40 41 42 43 44]"
155,test,44,[256 256 256],[1. 1. 1.],"(-123.61221313476562, 123.54168701171875, 127.67896270751953)","(1.0, 1.0, 1.0)","(1.0, 0.0, 1.1102230246251565e-16, 1.1102230246251565e-16, -3.637971868197809e-12, -1.0, 0.0, -1.0, 3.637971868197809e-12)","[ 0  1  2  3  4  5  6  7  8  9 10 11 12 13 14 15 16 17 18 19 20 21 22 23
 24 25 26 27 28 29 30 31 32 33 34 35 36 37 39 40 41 42 43 44]"
159,test,44,[256 256 256],[1. 1. 1.],"(-126.93257141113281, 121.87657165527344, 128.77853393554688)","(1.0, 1.0, 1.0)","(1.0, 4.6566123179658803e-10, 1.1641530794914701e-10, 1.1641530794914701e-10, 1.3642403179359164e-12, -1.0, 4.6566123179658803e-10, -1.0, -1.3642403179359164e-12)","[ 0  1  2  3  4  5  6  7  8  9 10 11 12 13 14 15 16 17 18 19 20 21 22 23
 24 25 26 27 28 29 30 31 32 33 34 35 36 37 39 40 41 42 43 44]"
161,test,44,[256 256 256],[1. 1. 1.],"(-125.82788848876953, 129.62290954589844, 127.67740631103516)","(1.0, 1.0, 1.0)","(1.0, 1.9905274260476058e-20, -1.1641532182693481e-10, -1.1641532182693481e-10, -1.1732481652870774e-10, -1.0, 0.0, -1.0, 1.1732481652870774e-10)","[ 0  1  2  3  4  5  6  7  8  9 10 11 12 13 14 15 16 17 18 19 20 21 22 23
 24 25 26 27 28 29 30 31 32 33 34 35 36 37 39 40 41 42 43 44]"
164,test,43,[256 256 256],[1. 1. 1.],"(-118.0711441040039, 123.54842376708984, 129.33535766601562)","(1.0, 1.0, 1.0)","(1.0, 5.820765050512655e-11, -3.2822514589200634e-21, 3.65282837334382e-21, -1.1914377817667798e-10, -1.0, 5.820765050512655e-11, -1.0, 1.1914377817667798e-10)","[ 0  1  2  3  4  5  6  7  8  9 10 11 12 13 14 15 16 17 18 19 20 21 22 23
 24 25 26 27 28 29 30 31 32 33 34 36 37 39 40 41 42 43 44]"
